{"cameraMode":{"drawMode":0,"name":"Shaded","section":"Shading Mode"},"sceneLighting":true,"audioPlay":false,"sceneViewState":{"m_AlwaysRefresh":false,"showFog":true,"showSkybox":true,"showFlares":true,"showImageEffects":true,"showParticleSystems":true,"showVisualEffectGraphs":true,"m_FxEnabled":true},"in2DMode":false,"pivot":{"x":-7.1332244873046879,"y":7.0241498947143559,"z":3.5592126846313478},"rotation":{"x":0.21527764201164246,"y":0.40020719170570376,"z":-0.09730124473571778,"w":0.8854511380195618},"size":31.907001495361329,"orthographic":true}